,Thời điểm bắt đầu,Type,Đại Lý,Thông tin công ty,VAT?,% ck,Tiền về TK nào?
,,,,,,,"10,000,000","9,000,000","1,000,000",,,,,
,Tháng 6,Ký gửi,Hiệu Sách Giả Lập,"Tên DN: CÔNG TY TNHH GIẢ LẬP
MST: 0100000001
Địa chỉ: Số 1 Phố Ảo, Quận Mơ, TP. Hà Nội, Việt Nam
Điện thoại: 0900000001
Email: gialap.official@gmail.com",C,30,CT,"5,000,000","4,000,000","1,000,000",,,,,
,Tháng 8,Mua đứt,Tiệm Sách Ví Dụ,"Tên DN: CÔNG TY TNHH VÍ DỤ
MST: 0100000003
Địa chỉ: Số 3 Ngõ Mẫu, Quận Thử, TP. Đà Nẵng, Việt Nam
Điện thoại: 0900000003
Email: vidu.official@gmail.com",C,35,CT,"5,000,000","5,000,000",0,,,,,
,Tháng 7,Bán đứt,Nhà Sách Minh Họa,"Tên DN: CÔNG TY TNHH MINH HỌA
MST: 0100000002
Địa chỉ: Số 2 Đường Vẽ, Quận Màu, TP. Hồ Chí Minh, Việt Nam
Điện thoại: 0900000002
Email: minhhoa.official@gmail.com",C,40,CT,"5,000,000","5,000,000",0,,,,,
