,,Mỗi kỳ,Trực tiếp (theo kỳ),Trực tiếp (lẻ),Ký gửi,Mua đứt,Mua khác,Độc giả cũ,Thư viện,Đầu nậu,TỔNG THU,Donate/ fund,,,,,,,,,,,,TỔNG CHI,In-gia công,"Bản thảo 
(incld copyrights)",Vận hành,Nợ (YTD),Tồn đại lý
2024,Tháng 6,Hạ 16/6: 340k,"44,121,000đ","7,511,700đ","15,015,335đ","28,538,893đ",0đ,,"8,324,500đ",0đ,"103,511,428đ","12,000,000đ",,,,,,,,,,,,,,,,,
,Tháng 7,,,"11,110,000đ","21,858,467đ","1,425,255đ",0đ,,"1,387,000đ",0đ,"35,780,722đ",,,,,,,,,,,,,,,,,,"207,979,842đ"
,Tháng 8,,,"11,340,000đ","18,536,813đ","8,517,795đ",0đ,,0đ,0đ,"38,394,608đ",,,,,,,,,,,,,,,,,,"251,131,440đ"
,Tháng 9,illo: 112k,"6,350,000đ",,,,0đ,,0đ,0đ,"103,740,000đ",,,,,,,,,,,,,,,,,,
,,l'été 22/9: 398k,"47,872,000đ","7,821,000đ","13,330,000đ","8,367,000đ","20,000,000đ",,0đ,"6,253,000đ",,,,,,,,,,,,,,,,,,,"239,708,756đ"
,Tháng 10,,,"6,645,000đ","23,115,000đ","18,542,076đ","4,100,000đ","850,000đ","5,080,000đ","1,875,000đ","60,207,076đ",,,,,,,,,,,,,,,,,,"217,592,158đ"
,Tháng 11,11/11: 3 quyển đầu thu,"38,901,000đ","691,700đ","12,694,000đ","2,572,000đ",,,0đ,0đ,"54,858,700đ",,,,,,,,,,,,,,,,,,
,Tháng 12,25/12: gửi nốt 8q thu,"59,592,000đ","3,769,700đ","25,393,390đ","12,754,000đ","3,981,000đ","2,019,500đ",0đ,0đ,"107,509,590đ",,,,,,,,,,,,,,,,,,
TỔNG 2024,,"$1,961,000.00",,,,,,,,,"504,002,124đ",,,,,,,,,,,,,,,,,,
2025,Tháng 1,,0đ,"8,630,800đ","12,525,000đ",0đ,"8,330,600đ",,0đ,0đ,"29,486,400đ","60,000,000đ",,,,,,,,,,,,,,,,,
,tháng 2,,"836,000đ","4,184,000đ","24,481,200đ","4,232,000đ","2,615,000đ","1,961,000đ",0đ,0đ,"38,309,200đ","90,000,000đ",,,,,,,,,,,,,,,,,
,tháng 3,,"1,110,000đ","6,195,800đ","17,316,000đ","6,987,000đ","1,770,000đ",0đ,0đ,"2,185,900đ","35,564,700đ","24,000,000đ",,,,,,,,,,,,,,,,,
,tháng 4,3 Sơ Đông: 455k,"36,026,500đ","2,490,000đ","16,500,000đ","7,529,000đ","2,800,000đ",0đ,0đ,0đ,"65,345,500đ",,,,,,,,,,,,,,,,,,
,tháng 5,,0đ,"3,945,000đ","14,481,795đ","3,584,230đ",0đ,0đ,0đ,0đ,"22,011,025đ",,,,,,,,,,,,,,,,,,
,tháng 6,,,"2,283,400đ","15,022,623đ","724,400đ",0đ,0đ,0đ,0đ,"18,030,423đ",,,,,,,,,,,,,,,,,,
,tháng 7,4 Vapeur: 635k,"53,987,000đ","1,313,000đ","13,838,233đ","8,686,150đ","578,900đ",0đ,0đ,0đ,"78,403,283đ",,,,,,,,,,,,,,,,,,
,tháng 8,,"1,090,000đ","6,996,900đ","21,105,367đ","1,155,000đ",0đ,0đ,0đ,0đ,"30,347,267đ",,,,,,,,,,,,,,,,,,
,tháng 9,,"635,000đ","5,709,000đ","18,734,431đ","7,480,655đ",0đ,0đ,0đ,0đ,"32,559,086đ",,,,,,,,,,,,,,,,,,
,tháng 10,,0đ,"1,673,400đ","20,502,683đ","14,514,850đ",0đ,0đ,0đ,0đ,"36,690,933đ",,,,,,,,,,,,,,,,,,
,tháng 11,,0đ,"4,238,700đ","17,228,427đ","8,736,977đ","1,255,440đ",0đ,0đ,0đ,"31,459,544đ",,,,,,,,,,,,,,,,,,
,tháng 12,,,"3,233,500đ","23,161,803đ","1,939,190đ","5,555,900đ",,,,"33,890,393đ",,,,,,,,,,,,,,,,,,
TỔNG 2025,,"$1,090,000.00",,,,,,,,,"452,097,754đ","174,000,000đ",,,,,,,,,,,,,,,,,
,Tháng 1,4 Sober Harmony: 639k,"55,604,000đ","1,187,300đ","19,439,363đ","21,256,930đ",0đ,0đ,0đ,0đ,"97,487,593đ","57,000,000đ",,,,,,,,,,,,,,,,,
,tháng 2,,,"2,795,900đ","20,368,930đ",0đ,0đ,0đ,0đ,0đ,"23,164,830đ","18,000,000đ",,,,,,,,,,,,,,,,,
,tháng 3,,,"2,102,700đ","21,475,101đ",0đ,0đ,0đ,0đ,0đ,"23,577,801đ","48,000,000đ",,,,,,,,,,,,,,,,,
,tháng 4,3: 653k,"40,866,000đ","4,703,900đ","23,841,784đ","10,520,150đ","25,728,400đ",0đ,0đ,0đ,"105,660,234đ","5,000,000đ",,,,,,,,,,,,,"100,000,000đ",,,,
,tháng 5,2: 224k,"15,686,000đ","4,465,300đ","44,673,375đ","6,370,350đ",,,,,"71,195,025đ","22,000,000đ",,,,,,,,,,,,,,,,,
,tháng 6,,"1,946,000đ","2,615,500đ","58,465,853đ",,"523,122đ",,,,"63,550,475đ",,,,,,,,,,,,,,,,,,
,tháng 7,,"1,536,000đ","3,195,000đ","35,268,504đ","3,512,535đ",,,,,"43,512,039đ",,,,,,,,,,,,,,,,,,
,tháng 8,2: 286k,,,,,,,,,0đ,,,,,,,,,,,,,,,,,,
,tháng 9,,,,,,,,,,0đ,,,,,,,,,,,,,,,,,,
,tháng 10,,,,,,,,,,0đ,,,,,,,,,,,,,,,,,,
,tháng 11,,,,,,,,,,0đ,,,,,,,,,,,,,,,,,,
,tháng 12,,,,,,,,,,0đ,,,,,,,,,,,,,,,,,,
TỔNG 2026,,"$1,516,000.00",,,,,,,,,"428,147,997đ","150,000,000đ",,,,,,,,,,,,,,,,,