,TÊN SÁCH,Sl in,SL nhà in gửi,"Sl còn lại 
chưa giao","Tổng 
tại kho",1/6,13/6,17/7,18/8,20/8,27/8,29/8,6/9,21/9,30/9,2/10,4/10,14/10,11/11,15/11,25/11,30/11,7/12,18/12,20/12,27/12,28/12,23/1,7/2,18/3,25/3,26/3,31/3,1/4,8/4,28/7,11/9,30/12,31/12,6/1,23/3,13/5,18/5,26/5
,,,Đã giao,,,132,900,372,154,144,546,1635,2475,408,540,59,100,70,60,1115,566,285,15,1441,1297,42,310,520,1227,2471,550,700,110,270,330,4800,11648,,,,,,,
1,Bệnh tưởng ,,,,0,,,,,,,,,,,,,,,,,,,,,,,,,,,,,,,,,,,,,,,
2,Người biển lận,,,,0,,,,,,,,,,,,,,,,,,,,,,,,,,,,,,,,,,,,,,,
3,Trưởng giả học làm sang ,,,,0,,,,,,,,,,,,,,,,,,,,,,,,,,,,,,,,,,,,,,,
4,Ondine ,,,,0,,,,,,,,,,,,,,,,,,,,,,,,,,,,,,,,,,,,,,,
5,Khách ,,,,0,,,,,,,,,,,,,,,,,,,,,,,,,,,,,,,,,,,,,,,
6,Không có vua ,1500,,,0,,,,,,,,,,,,,,,,,,,,,,,,,,,,,,,,,,,,,,,
7,Vĩnh biệt ,1500,,,0,,,,,,,,,,,,,,,,,,,,,,,,,,,,,,,,,,,,,,,
8,Tục ca lệ,1000,,,0,,,,,,,,,,,,,,,,,,,,,,,,,,,,,,,,,,,,,,,
9,Tê-lê-mặc phiêu lưu ký ,1500,,,0,,,,,,,,,,,,,,,,,,,,,,,,,,,,,,,,,,,,,,,
10,Tâm hồn và hình thức,2000,,,0,,,,,,,,,,,,,,,,,,,,,,,,,,,,,,,,,,,,,,,
11,Mộc thần nữ ,3000,,,0,,,,,,,,,,,,,,,,,,,,,,,,,,,,,,,,,,,,,,,
12,Một câu chuyện từ những đụn cát ,3000,,,0,,,,,,,,,,,,,,,,,,,,,,,,,,,,,,,,,,,,,,,
13,Nàng tình nhân hờ ,1500,,,0,,,,,,,,,,,,,,,,,,,,,,,,,,,,,,,,,,,,,,,
14,Tiện bút 1,1500,,,0,,,,,,,,,,,,,,,,,,,,,,,,,,,,,,,,,,,,,,,
15,Middlemarch - Tập 1,1500,,,0,,,,,,,,,,,,,,,,,,,,,,,,,,,,,,,,,,,,,,,
16,Miếng da lừa ,1500,,,0,,,,,,,,,,,,,,,,,,,,,,,,,,,,,,,,,,,,,,,
17,Ba người ngự lâm pháo thủ,2000,,,0,,,,,,,,,,,,,,,,,,,,,,,,,,,,,,,,,,,,,,,
18,Tú tài thủy tinh cùng Rinconete và Cortadillo và Lão già ghen ở Estramadoure,1500,,,0,,,,,,,,,,,,,,,,,,,,,,,,,,,,,,,,,,,,,,,
19,Truyện con chó Berganza ,1500,,,0,,,,,,,,,,,,,,,,,,,,,,,,,,,,,,,,,,,,,,,
20,Lịch sử (ngắn) văn chương Đức,1500,,,0,,,,,,,,,,,,,,,,,,,,,,,,,,,,,,,,,,,,,,,
21,Le Spleen de Paris ,1500,,,0,,,,,,,,,,,,,,,,,,,,,,,,,,,,,,,,,,,,,,,
22,Middlemarch - Tập 2 ,1500,,,0,,,,,,,,,,,,,,,,,,,,,,,,,,,,,,,,,,,,,,,
23,Truyện Gil-Blas (tập 1),1200,,,0,,,,,,,,,,,,,,,,,,,,,,,,,,,,,,,,,,,,,,,
24,Truyện Gil-Blas (tập 2) ,1000,,,0,,,,,,,,,,,,,,,,,,,,,,,,,,,,,,,,,,,,,,,
25,Đốc tờ Héraclius Gloss,1500,,,0,,,,,,,,,,,,,,,,,,,,,,,,,,,,,,,,,,,,,,,
26,Đoản luận về giáo dục,1500,,,0,,,,,,,,,,,,,,,,,,,,,,,,,,,,,,,,,,,,,,,
27,Tiệc vườn,1500,,,0,,,,,,,,,,,,,,,,,,,,,,,,,,,,,,,,,,,,,,,
28,Ở nhà trọ Đức,1500,,,0,,,,,,,,,,,,,,,,,,,,,,,,,,,,,,,,,,,,,,,
29,Một dấu hiệu của Tình yêu,3000,,,0,,,,,,,,,,,,,,,,,,,,,,,,,,,,,,,,,,,,,,,
30,Soi gương,1000,,,0,,,,,,,,,,,,,,,,,,,,,,,,,,,,,,,,,,,,,,,
31,Một chuyến đi ,1000,,,0,,,,,,,,,,,,,,,,,,,,,,,,,,,,,,,,,,,,,,,
32,Những người châu Âu ,1500,,,0,,,,,,,,,,,,,,,,,,,,,,,,,,,,,,,,,,,,,,,
33,Giống như là chết ,1500,,,0,,,,,,,,,,,,,,,,,,,,,,,,,,,,,,,,,,,,,,,
34,Những hiệu quế,1500,,,0,,,,,,,,,,,,,,,,,,,,,,,,,,,,,,,,,,,,,,,
35,Hành trình tình cảm,2000,,,0,,,,,,,,,,,,,,,,,,,,,,,,,,,,,,,,,,,,,,,
36,Le Spleen de Paris (Tái bản) ,1000,,,0,,,,,,,,,,,,,,,,,,,,,,,,,,,,,,,,,,,,,,,
37,Họa sĩ của cuộc sống hiện đại ,1500,,,0,,,,,,,,,,,,,,,,,,,,,,,,,,,,,,,,,,,,,,,
38,Con quái vật trong rừng và Bàn thờ người chết ,1500,,,0,,,,,,,,,,,,,,,,,,,,,,,,,,,,,,,,,,,,,,,
39,Giáo dục châu Âu ,2000,,,0,,,,,,,,,,,,,,,,,,,,,,,,,,,,,,,,,,,,,,,
40,Đoản luận: Văn chương ,1000,,,0,,,,,,,,,,,,,,,,,,,,,,,,,,,,,,,,,,,,,,,
41,Cháu trai Wittgenstein,1500,,,0,,,,,,,,,,,,,,,,,,,,,,,,,,,,,,,,,,,,,,,
42,Các khía cạnh của tiểu thuyết,1000,,,0,,,,,,,,,,,,,,,,,,,,,,,,,,,,,,,,,,,,,,,
43,Jacket trắng ,1000,,,0,,,,,,,,,,,,,,,,,,,,,,,,,,,,,,,,,,,,,,,
44,Ba truyện đời ,1000,,,0,,,,,,,,,,,,,,,,,,,,,,,,,,,,,,,,,,,,,,,
45,Vẽ một phụ nữ,1500,,,0,,,,,,,,,,,,,,,,,,,,,,,,,,,,,,,,,,,,,,,
46,Bốn tình yêu,2000,2010,0,2010,60,300,150,,,,225,1275,,,,,,,,,,,,,,,,,,,,,,,,,,,,,,,
47,Daisy Miller & Di sản Aspern,2000,1845,155,1845,21,300,114,,,,1410,,,,,,,,,,,,,,,,,,,,,,,,,,,,,,,,
48,Dưỡng đường đồng hồ cát,2000,1803,197,1803,51,300,108,,144,,,1200,,,,,,,,,,,,,,,,,,,,,,,,,,,,,,,
49,In illo Tempore,700,700,0,700,,,,154,,546,,,,,,,,,,,,,,,,,,,,,,,,,,,,,,,,,
50,Hotel Savoy,2000,1933,274,1726,,,,,,,,,138,,,,70,,,414,,,,,,,,,,,,,,,,1104,,,,,,,
51,Ngắn,1500,1393,349,1151,,,,,,,,,126,,59,100,,,,152,,,,,,,,,,,,,,,,714,,,,,,,
52,Chuyện các bà vợ già,2000,2052,476,1524,,,,,,,,,144,540,,,,,,,,,,,,,,,,,,,,,,840,,,,,,,
53,Giữa đất và nước,1500,1401,311,1189,,,,,,,,,,,,,,20,153,,,,75,24,,,84,,,,,,,,,833,,,,,,,
54,Ngợp,2000,2032,22,1978,,,,,,,,,,,,,,20,455,,,,58,164,,,,78,,,,,,,,1203,,,,,,,
55,Ba lối tới hồ,2000,2002,101,1899,,,,,,,,,,,,,,20,507,,,,62,392,,,,,,,,,,,,918,,,,,,,
56,Bão lớn,1500,1453,71,1429,,,,,,,,,,,,,,,,,26,,50,126,42,,74,,145,,,,,,,966,,,,,,,
57,Người lính tốt,2000,2100,0,2015,,,,,,,,,,,,,,,,,33,,51,138,,,110,,,,,,,,,1683,,,,,,,
58,Những chuyến dạo chơi,1500,1591,0,1591,,,,,,,,,,,,,,,,,49,,54,144,,,,702,,,,,,,,642,,,,,,,
59,May,1500,1472,62,1438,,,,,,,,,,,,,,,,,18,15,56,143,,,120,,660,,,,,,,426,,,,,,,
60,Nghĩ,2000,2040,0,2009,,,,,,,,,,,,,,,,,43,,360,,,,,310,,,,,,,,1296,,,,,,,
61,Gentleman cắn thuốc phiện,1500,1535,0,1810,,,,,,,,,,,,,,,,,40,,320,,,310,,,1140,,,,,,,,,,,,,,
62,Nghề sống,1000,921,79,921,,,,,,,,,,,,,,,,,32,,60,166,,,,137,526,,,,,,,,,,,,,,
63,Hành khúc Radetzky,1500,1380,6,1494,,,,,,,,,,,,,,,,,44,,295,,,,132,,,,,,,,,1023,,,,,,,
64,Sa mạc tình yêu,500,550,-50,550,,,,,,,,,,,,,,,,,,,,,,,,,,550,,,,,,,,,,,,,
65,Job,700,700,0,700,,,,,,,,,,,,,,,,,,,,,,,,,,,700,,,,,,,,,,,,
66,Tristram Shandy,700,710,-10,710,,,,,,,,,,,,,,,,,,,,,,,,,,,,110,270,330,,,,,,,,,
67,Một người tên là Thứ Năm,1200,1200,0,1200,,,,,,,,,,,,,,,,,,,,,,,,,,,,,,,1200,,,,,,,,
68,Washington Square,1200,1200,0,1200,,,,,,,,,,,,,,,,,,,,,,,,,,,,,,,1200,,,,,,,,
69,Lý thuyết tầng lớp nhàn rỗi,1200,1200,0,1200,,,,,,,,,,,,,,,,,,,,,,,,,,,,,,,1200,,,,,,,,
70,Những nỗi hoảng hốt của cậu học sinh Torless,1200,1200,0,1200,,,,,,,,,,,,,,,,,,,,,,,,,,,,,,,1200,,,,,,,,
71,Ông cha đạo ở Wakefield,1200,682,518,682,,,,,,,,,,,,,,,,,,,,,,,,,,,,,,,,,154,,528,,,,
72,Người phụ tá,1200,705,495,705,,,,,,,,,,,,,,,,,,,,,,,,,,,,,,,,,300,45,360,,,,
73,Tay điệp viên,1200,390,810,390,,,,,,,,,,,,,,,,,,,,,,,,,,,,,,,,,198,192,,,,,
74,Tên mọi trên tàu Narcissus,1200,320,880,320,,,,,,,,,,,,,,,,,,,,,,,,,,,,,,,,,216,104,,,,,
,Khác thời đại,500,,,513,,,,,,,,,,,,,,,,,,,,,,,,,,,,,,,,,,,,513,,,
,Anh em Tanner,1200,,,126,,,,,,,,,,,,,,,,,,,,,,,,,,,,,,,,,,,,126,,,
,Nhà xứ cũ,500,,,39,,,,,,,,,,,,,,,,,,,,,,,,,,,,,,,,,,,,39,,,
,Jakob von Gunten,1200,,,660,,,,,,,,,,,,,,,,,,,,,,,,,,,,,,,,,,,,,30,,630
,Đốt kho,1200,613,,613,,,,,,,,,,,,,,,,,,,,,,,,,,,,,,,,,,,,,,?,613