"- Số liệu chưa phải là chính xác tuyệt đối, có sai số tuỳ lượng đầu vào và dọn kho lỗi",,,,,,,,,,,,,,,,,,27/12/2025,27/12/2025,,27/12/2025,,,30/12/2025,,9/2/2026
,Giá bìa,SL in,SL in/ sau chia,"Tổng kho 
(ước tính)
BAN ĐẦU","Quỳnh Mai
11/9",SL thùng,SL/ thùng,Phan Nhu tặng thư viện,7/2024,Lỗi,Mối mọt,"SL sách rời
(không trong thùng)",Kiểm T10/2024,"xuất 
2024","Kiểm 
2024","XUẤT 
(1-4)/2025","KIỂM 
1-4/2025","XUẤT
5-11/2025","KIỂM
5-11/2025",Kiểm lỗi thág 10,Còn tới tháng 12,Bán T12,"XUẤT 
2025","Tổng kho 
2025",BÁN T1/2026,
,,,75000,26807,,309,,104,,597,129,525,22871,17009,13406,2050,17520,2106,15417,993,14424,227,1877,14197,,
Bệnh tưởng ,36000,1000,500,0,,,,,0,17,,,0,130,-130,1,0,1,0,,0,0,1,0,,
Người biển lận,36000,1000,500,0,,,,,0,5,,,0,126,-126,1,0,1,0,,0,0,4,0,,
Trưởng giả học làm sang ,36000,1000,500,0,,,,,0,7,,,0,129,-129,1,0,1,0,,0,0,3,0,,
Khách ,99000,399,200,0,,,,,0,6,,,0,77,-77,0,0,0,0,,0,0,0,0,,
Ondine ,63000,1500,750,570,,3,190,,658,21,,88,348,130,440,17,220,41,179,,179,3,29,176,,
Không có vua ,42000,1500,750,160,,1,160,,233,5,110,73,221,261,-101,9,70,23,47,,47,0,26,47,,
Vĩnh biệt ,45000,1500,750,190,,1,190,,211,37,,21,139,289,-99,45,80,67,13,,13,3,43,10,,
Tục ca lệ,45000,1000,500,326,,2,163,,326,20,,,293,176,150,5,200,16,184,,184,3,17,181,,
Tê-lê-mặc phiêu lưu ký ,153000,1500,750,160,,4,40,,177,,,17,161,142,18,4,90,16,74,,74,2,43,72,,
Tâm hồn và hình thức,135000,2000,1000,884,,13,68,,884,5,,,804,208,676,15,270,46,224,,224,4,42,220,,
Mộc thần nữ ,45000,3000,1500,300,,2,130,,300,44,,,253,273,27,70,230,119,111,,111,4,51,107,,
Một câu chuyện từ những đụn cát ,54000,3000,1500,520,,4,130,,520,25,,,427,246,274,54,246,103,143,,143,5,62,138,,
Nàng tình nhân hờ ,45000,1500,750,600,,4,150,,631,11,,31,567,271,329,63,384,113,271,,271,9,53,262,,
Tiện bút 1,81000,1500,750,750,,5,150,,750,26,19,,442,205,545,19,264,35,229,,229,4,38,225,,
Middlemarch - Tập 1,199000,1500,750,750,,,,,750,14,,,667,192,558,10,548,47,501,252,249,15,40,234,,
Miếng da lừa ,153000,1500,750,602,,14,43,,605,20,,3,536,215,387,17,450,60,390,,390,7,65,383,,
Ba người ngự lâm pháo thủ,189000,2000,1000,891,,33,27,,903,4,,12,891,186,705,7,698,20,678,359,319,8,63,311,,
Tú tài thủy tinh cùng Rinconete và Cortadillo và Lão già ghen ở Estramadoure,72000,1500,750,552,,6,92,,552,5,,,523,154,398,8,500,28,472,,472,4,35,468,,
Truyện con chó Berganza ,90000,1500,750,630,,7,90,,639,2,,9,686,158,472,2,504,23,481,,481,3,26,478,,
Lịch sử (ngắn) văn chương Đức,126000,1500,750,800,,10,80,,800,8,,,755,204,596,11,30,18,12,,12,2,39,10,,
Le Spleen de Paris ,99000,1500,750,211,,,,71,211,9,,,0,141,70,7,144,15,129,,129,1,20,128,,
Middlemarch - Tập 2 ,198000,1500,750,750,,,,,750,13,,,399,202,548,10,538,47,491,312,179,15,45,164,,
Truyện Gil-Blas (tập 1),144000,1200,600,384,,8,48,,384,1,,,328,153,231,6,60,16,44,,44,2,17,42,,
Truyện Gil-Blas (tập 2) ,144000,1000,500,96,,2,48,,96,73,,,165,150,-54,6,60,16,44,,44,2,17,42,,
Đốc tờ Héraclius Gloss,72000,1500,750,600,,5,120,,600,6,,,657,335,265,10,312,36,276,,276,4,47,272,,
Đoản luận về giáo dục,144000,1500,750,476,,7,68,,476,2,,,499,349,127,15,400,38,362,,362,8,32,354,,
Tiệc vườn,144000,1500,750,476,,7,68,,476,4,,,438,329,147,20,261,45,216,,216,4,43,212,,
Ở nhà trọ Đức,72000,1500,750,520,,4,130,,547,1,,27,588,344,176,19,390,37,353,,353,4,43,349,,
Một dấu hiệu của Tình yêu,180000,3000,1500,920,,20,46,,920,6,,,911,299,621,7,874,22,852,,852,4,30,848,,
Soi gương,120000,1000,500,62,,1,62,,105,10,,43,87,295,-233,5,72,15,57,,57,3,21,54,,
Một chuyến đi ,90000,1000,500,77,,1,77,,77,10,,,89,285,-208,8,50,22,28,,28,0,26,28,,
Những người châu Âu ,144000,1500,750,540,,9,60,,581,0,,41,542,329,211,8,300,25,275,,275,1,32,274,,
Giống như là chết ,171000,1500,750,528,,11,48,,560,1,,32,507,364,164,21,452,56,396,,396,7,37,389,,
Những hiệu quế,72000,1500,750,576,,6,96,,601,2,,25,402,443,133,49,318,102,216,,216,9,70,207,,
Hành trình tình cảm,144000,2000,1000,1098,,18,61,,1152,1,,54,946,388,710,11,625,31,594,,594,0,27,594,,
Le Spleen de Paris (Tái bản) ,99000,1000,500,410,,5,82,,447,1,,37,403,189,221,13,358,39,319,,319,5,45,314,,
Họa sĩ của cuộc sống hiện đại ,64000,1500,750,677,,6,110,17,677,,,,584,232,445,21,474,59,415,,415,8,71,407,,
Con quái vật trong rừng và Bàn thờ người chết ,63000,1500,750,600,,6,100,,600,1,,,492,438,162,43,420,106,314,,314,15,80,299,,
Giáo dục châu Âu ,180000,2000,1000,871,,19,45,16,871,,,,819,351,520,13,790,31,759,,759,5,32,754,,
Đoản luận: Văn chương ,144000,1000,500,180,,3,60,,180,2,,,147,383,-203,15,110,34,76,,76,3,30,73,,
Cháu trai Wittgenstein,63000,1500,750,680,,4,170,,680,,,,706,242,438,12,650,33,617,70,547,4,42,543,,
Các khía cạnh của tiểu thuyết,81000,1000,500,304,,4,76,,304,2,,,340,435,-131,46,235,131,104,,104,17,92,87,,
Jacket trắng ,198000,1000,500,364,,13,28,,365,1,,1,344,322,42,6,336,21,315,,315,3,27,312,,
Ba truyện đời ,117000,1000,500,392,,7,56,,392,1,,,334,324,68,19,310,27,283,,283,3,34,280,,
Vẽ một phụ nữ,234000,1500,750,672,,28,24,,683,,,11,640,395,277,18,576,51,525,,525,1,41,524,,
Bốn tình yêu,88900,2000,2000,2010,,2,75,,2010,40,,đã gửi lại nhà in,1322,688,1307,48,1259,126,1133,,1133,9,79,1124,,
Daisy Miller & Di sản Aspern,123900,2000,2000,1845,,2,57,,1845,79,,đã gửi lại nhà in,1339,506,1324,11,1298,39,1259,,1259,4,35,1255,,
Dưỡng đường đồng hồ cát,127900,2000,2000,1803,,2,54,,1803,49,,đã gửi lại nhà in,1130,673,1115,51,1064,108,956,,956,10,82,946,,
In illo Tempore,111900,700,700,700,,,,,707,18,,gửi lại nhà in 15,203,497,188,66,122,100,22,,22,7,94,105,,
Hotel Savoy,77000,2000,2000,1933,1104,,,,346,,,,377,245,1673,23,1650,71,1579,,1579,9,56,1570,,
Ngắn,99000,1500,1500,1393,714,,,,227,,,,164,273,1105,27,1078,80,998,,998,6,83,992,,
Chuyện các bà vợ già,222000,2000,2000,2052,840,,,,684,,,,401,283,1754,25,1729,64,1665,,1665,9,52,1656,,
Giữa đất và nước,99000,1500,1500,1401,833,,,,,,,,91,265,1136,58,1078,102,976,,976,3,91,973,,
Ngợp,99000,2000,2000,2032,1203,,,,,,,,530,245,1772,51,1721,104,1617,,1617,5,105,1612,,
Ba lối tới hồ,88000,2000,2000,2002,918,,,,,,,,717,264,1723,53,1670,106,1564,,1564,9,98,1555,,
Bão lớn,122000,1500,1500,1453,966,,,,,,,,127,191,1247,48,1199,86,1113,,1113,6,72,1107,,
Người lính tốt,77000,2000,2000,2100,1683,,,,,,,,138,194,1891,48,1843,105,1738,,1738,9,99,1729,,
Những chuyến dạo chơi,133000,1500,1500,1591,642,,,,,,,,761,188,1388,58,1330,144,1186,,1186,14,130,1172,,
May,69500,1500,1500,1472,426,,,,,,,,169,183,1249,61,1188,117,1071,,1071,10,113,1061,,
Nghĩ,66000,2000,2000,2040,1296,,,,,,,,495,218,1807,92,1715,159,1556,,1556,8,151,1548,,
Gentleman cắn thuốc phiện,69500,1500,1500,1535,,,,,,,,,462,208,1312,69,1243,160,1083,,1083,4,128,1079,,
Nghề sống,133000,1000,1000,921,,,,,,,,,187,208,698,69,629,141,488,,488,6,137,482,,
Hành khúc Radetzky,155000,1500,1500,1380,1023,,,,,,,,280,191,1174,55,1119,105,1014,,1014,10,102,1004,,
Sa mạc tình yêu,95000,500,500,550,,,,,,,,,550,0,535,129,406,289,117,,117,8,272,109,,
Job,110000,700,700,700,,,,,,,,,700,0,685,120,565,245,320,,320,6,240,314,,
Tristram Shandy,250000,700,700,700,,,,,,,,,110,0,685,121,564,270,294,,294,5,257,289,,
Một người tên là Thứ Năm,141000,1200,1200,1200,,,,,,,,,,,,,1200,235,965,,965,9,250,956,,
Washington Square,141000,1200,1200,1200,,,,,,,,,,,,,1200,195,1005,,1005,8,222,997,,
Lý thuyết tầng lớp nhàn rỗi,215000,1200,1200,1200,,,,,,,,,,,,,1200,262,938,,938,27,272,911,,
Những nỗi hoảng hốt của cậu học sinh Torless,138000,1200,1200,1200,,,,,,,,,,,,,1200,219,981,,981,9,224,972,,
Ông cha đạo ở Wakefield,146000,,1200,,,,,,,,,,,,,,,,,,,,176,,,
Người phụ tá,158000,,1200,,,,,,,,,,,,,,,,,,,,166,,,
Tay điệp viên,202000,,1200,,,,,,,,,,,,,,,,,,,,177,,,
Tên mọi trên tàu Narcissus,133000,,1200,,,,,,,,,,,,,,,,,,,,171,,,